-- Table: Source
INSERT INTO covid.source (source_id, source_name, source_website) VALUES (1, 'World Health Organization', 'https://covid19.who.int/');
INSERT INTO covid.source (source_id, source_name, source_website) VALUES (2, 'World Health Organization', 'https://ais.paho.org/imm/IM_DosisAdmin-Vacunacion.asp');
INSERT INTO covid.source (source_id, source_name, source_website) VALUES (3, 'Ministry of Health', 'https://covid19.gov.ag');
INSERT INTO covid.source (source_id, source_name, source_website) VALUES (4, 'Ministry of Health', 'https://covidstats.com.ar/');
INSERT INTO covid.source (source_id, source_name, source_website) VALUES (5, 'Government of Aruba', 'https://www.government.aw');
INSERT INTO covid.source (source_id, source_name, source_website) VALUES (6, 'Government of Australia via CovidBaseAU', 'https://covidbaseau.com/');
INSERT INTO covid.source (source_id, source_name, source_website) VALUES (7, 'European CDC', 'https://www.ecdc.europa.eu/en/publications-data/data-covid-19-vaccination-eu-eea');
INSERT INTO covid.source (source_id, source_name, source_website) VALUES (8, 'Government of Azerbaijan', 'https://koronavirusinfo.az');
INSERT INTO covid.source (source_id, source_name, source_website) VALUES (9, 'Pan American Health Organization', 'https://ais.paho.org/imm/IM_DosisAdmin-Vacunacion.asp');
INSERT INTO covid.source (source_id, source_name, source_website) VALUES (10, 'Ministry of Health', 'https://healthalert.gov.bh/en/');
INSERT INTO covid.source (source_id, source_name, source_website) VALUES (11, 'Directorate General of Health Services', 'http://103.247.238.92/webportal/pages/covid19-vaccination-update.php');
INSERT INTO covid.source (source_id, source_name, source_website) VALUES (12, 'Ministry of Health', 'https://gisbarbados.gov.bb/blog/covid-19-update-for-sunday-june-12/');
INSERT INTO covid.source (source_id, source_name, source_website) VALUES (13, 'Sciensano', 'https://epistat.wiv-isp.be/covid/');
INSERT INTO covid.source (source_id, source_name, source_website) VALUES (14, 'Ministry of Health', 'https://covid19.who.int/');
INSERT INTO covid.source (source_id, source_name, source_website) VALUES (15, 'Ministry of Health via https://www.boligrafica.com/', 'https://github.com/dquintani/vacunacion/');
INSERT INTO covid.source (source_id, source_name, source_website) VALUES (16, 'World Health Organization', 'https://www.rivm.nl/sites/default/files/2021-09/COVID-19_website_rapport_eilanden_engels_35_20210902_1409.pdf');
INSERT INTO covid.source (source_id, source_name, source_website) VALUES (17, 'Africa Centres for Disease Control and Prevention', 'https://covid19.who.int/');
INSERT INTO covid.source (source_id, source_name, source_website) VALUES (18, 'State governments via coronavirusbra1.github.io', 'https://coronavirusbra1.github.io');
INSERT INTO covid.source (source_id, source_name, source_website) VALUES (19, 'Ministry of Health', 'https://coronavirus.bg/bg/statistika');
INSERT INTO covid.source (source_id, source_name, source_website) VALUES (20, 'Official data from provinces via covid19tracker.ca', 'https://covid19tracker.ca/vaccinationtracker.html');
INSERT INTO covid.source (source_id, source_name, source_website) VALUES (21, 'Ministry of Health, via Ministry of Science GitHub repository', 'https://github.com/MinCiencia/Datos-COVID19');
INSERT INTO covid.source (source_id, source_name, source_website) VALUES (22, 'National Health Commission', 'http://www.nhc.gov.cn/jkj/s7915/202206/70231e1bec0742a3a8b0cfd4480df701.shtml');
INSERT INTO covid.source (source_id, source_name, source_website) VALUES (23, 'SPC Public Health Division', 'https://stats.pacificdata.org/vis?tm=covid&pg=0&df[ds]=SPC2&df[id]=DF_COVID_VACCINATION&df[ag]=SPC&df[vs]=1.0');
INSERT INTO covid.source (source_id, source_name, source_website) VALUES (24, 'Costa Rican Social Security Fund', 'https://www.ccss.sa.cr/web/coronavirus/vacunacion');
INSERT INTO covid.source (source_id, source_name, source_website) VALUES (25, 'Ministry of Health', 'https://www.koronavirus.hr');
INSERT INTO covid.source (source_id, source_name, source_website) VALUES (26, 'Ministry of Health', 'https://salud.msp.gob.cu/actualizacion-de-la-vacunacion-en-el-marco-de-los-estudios-de-los-candidatos-vacunales-cubanos-y-la-intervencion-sanitaria/');
INSERT INTO covid.source (source_id, source_name, source_website) VALUES (27, 'Government of Curacao', 'https://bakuna.cw/');
INSERT INTO covid.source (source_id, source_name, source_website) VALUES (28, 'Ministry of Health', 'https://www.moh.gov.cy/moh/moh.nsf/All/0EFA027144C9E54AC22586BE0032B2F5');
INSERT INTO covid.source (source_id, source_name, source_website) VALUES (29, 'Ministry of Health', 'https://onemocneni-aktualne.mzcr.cz/covid-19');
INSERT INTO covid.source (source_id, source_name, source_website) VALUES (30, 'Statens Serum Institute', 'https://covid19.ssi.dk/overvagningsdata/download-fil-med-vaccinationsdata');
INSERT INTO covid.source (source_id, source_name, source_website) VALUES (31, 'Ministry of Public Health', 'https://vacunate.gob.do');
INSERT INTO covid.source (source_id, source_name, source_website) VALUES (32, 'Government of Ecuador via Ecuacovid', 'https://github.com/andrab/ecuacovid');
INSERT INTO covid.source (source_id, source_name, source_website) VALUES (33, 'Ministry of Health', 'https://covid19.gob.sv/');
INSERT INTO covid.source (source_id, source_name, source_website) VALUES (34, 'Government of the United Kingdom', 'https://coronavirus.data.gov.uk/details/vaccinations');
INSERT INTO covid.source (source_id, source_name, source_website) VALUES (35, 'World Health Organization', 'https://guineasalud.org/estadisticas/');
INSERT INTO covid.source (source_id, source_name, source_website) VALUES (36, 'National Health Board', 'https://opendata.digilugu.ee');
INSERT INTO covid.source (source_id, source_name, source_website) VALUES (37, 'Government of the Faeroe Islands', 'https://corona.fo/api');
INSERT INTO covid.source (source_id, source_name, source_website) VALUES (38, 'Government of the Falkland Islands', 'https://www.facebook.com/FalkIandsGov/posts/4401230323224594');
INSERT INTO covid.source (source_id, source_name, source_website) VALUES (39, 'Finnish Institute for Health and Welfare', 'https://sampo.thl.fi/pivot/prod/en/vaccreg/cov19cov/fact_cov19cov');
INSERT INTO covid.source (source_id, source_name, source_website) VALUES (40, 'Public Health France', 'https://www.data.gouv.fr/fr/datasets/donnees-relatives-aux-personnes-vaccinees-contre-la-covid-19-1/');
INSERT INTO covid.source (source_id, source_name, source_website) VALUES (41, 'National Center for Disease Control and Public Health', 'https://vaccines.ncdc.ge/vaccinationprocess/');
INSERT INTO covid.source (source_id, source_name, source_website) VALUES (42, 'Robert Koch Institut', 'https://impfdashboard.de/');
INSERT INTO covid.source (source_id, source_name, source_website) VALUES (43, 'Government of Gibraltar', 'https://twitter.com/GibraltarGov/status/1517138573614477315');
INSERT INTO covid.source (source_id, source_name, source_website) VALUES (44, 'Ministry of Health', 'https://www.data.gov.gr/datasets/mdg_emvolio/');
INSERT INTO covid.source (source_id, source_name, source_website) VALUES (45, 'Government of Greenland', 'https://corona.nun.gl');
INSERT INTO covid.source (source_id, source_name, source_website) VALUES (46, 'Ministry of Health', 'https://ais.paho.org/imm/IM_DosisAdmin-Vacunacion.asp');
INSERT INTO covid.source (source_id, source_name, source_website) VALUES (47, 'Government of Guernsey', 'https://covid19.gov.gg/guidance/vaccine/stats');
INSERT INTO covid.source (source_id, source_name, source_website) VALUES (48, 'National Health Security Agency', 'https://covid19.who.int/');
INSERT INTO covid.source (source_id, source_name, source_website) VALUES (49, 'Food and Health Bureau', 'https://data.gov.hk/en-data/dataset/hk-fhb-fhbcovid19-vaccination-rates-over-time-by-age');
INSERT INTO covid.source (source_id, source_name, source_website) VALUES (50, 'Government of Hungary', 'https://koronavirus.gov.hu//cikkek/6-millio-411-ezer-beoltott-1646-az-uj-fertozott-es-elhunyt-24-beteg');
INSERT INTO covid.source (source_id, source_name, source_website) VALUES (51, 'Directorate of Health', 'https://www.covid.is/tolulegar-upplysingar-boluefni');
INSERT INTO covid.source (source_id, source_name, source_website) VALUES (52, 'Government of India', 'https://dashboard.cowin.gov.in/');
INSERT INTO covid.source (source_id, source_name, source_website) VALUES (53, 'Government of Indonesia', 'https://covid19.who.int/');
INSERT INTO covid.source (source_id, source_name, source_website) VALUES (54, 'World Health Organization', 'https://irangov.ir/detail/388183');
INSERT INTO covid.source (source_id, source_name, source_website) VALUES (55, 'Heath Service Executive', 'https://covid19ireland-geohive.hub.arcgis.com/');
INSERT INTO covid.source (source_id, source_name, source_website) VALUES (56, 'Isle of Man Government', 'https://covid19.gov.im/general-information/covid-19-vaccination-statistics/');
INSERT INTO covid.source (source_id, source_name, source_website) VALUES (57, 'Government of Israel', 'https://datadashboard.health.gov.il/COVID-19/general');
INSERT INTO covid.source (source_id, source_name, source_website) VALUES (58, 'Extraordinary commissioner for the Covid-19 emergency', 'https://raw.githubusercontent.com/italia/covid19-opendata-vaccini/master/dati/somministrazioni-vaccini-latest.csv');
INSERT INTO covid.source (source_id, source_name, source_website) VALUES (59, 'Ministry of Health', 'https://vaccination.moh.gov.jm');
INSERT INTO covid.source (source_id, source_name, source_website) VALUES (60, 'Prime Minister''s Office', 'https://www.kantei.go.jp/jp/headline/kansensho/vaccine.html');
INSERT INTO covid.source (source_id, source_name, source_website) VALUES (61, 'Government of Jersey', 'https://www.gov.je/Datasets/ListOpenData?ListName=COVID19Weekly&clean=true');
INSERT INTO covid.source (source_id, source_name, source_website) VALUES (62, 'Government of Kazakhstan', 'https://www.coronavirus2020.kz/');
INSERT INTO covid.source (source_id, source_name, source_website) VALUES (63, 'Ministry of Health', 'https://msh.rks-gov.net/sq/statistikat-covid-19/');
INSERT INTO covid.source (source_id, source_name, source_website) VALUES (64, 'Ministry of Health', 'https://vc.emed.gov.kg/');
INSERT INTO covid.source (source_id, source_name, source_website) VALUES (65, 'World Health Organization', 'https://www.covid19.gov.la/index.php');
INSERT INTO covid.source (source_id, source_name, source_website) VALUES (66, 'National Health Service', 'https://data.gov.lv/dati/eng/dataset/covid19-vakcinacijas');
INSERT INTO covid.source (source_id, source_name, source_website) VALUES (67, 'Federal Office of Public Health', 'https://opendata.swiss/en/dataset/covid-19-schweiz?detGeo=FL');
INSERT INTO covid.source (source_id, source_name, source_website) VALUES (68, 'Ministry of Health', 'https://experience.arcgis.com/experience/cab84dcfe0464c2a8050a78f817924ca/page/page_3/');
INSERT INTO covid.source (source_id, source_name, source_website) VALUES (69, 'Government of Luxembourg', 'https://data.public.lu/en/datasets/donnees-covid19/#_');
INSERT INTO covid.source (source_id, source_name, source_website) VALUES (70, 'Government of Macao', 'https://www.ssm.gov.mo/docs/19164/19164_11a6382497554f2faee949278cbc7a90_000_.pdf');
INSERT INTO covid.source (source_id, source_name, source_website) VALUES (71, 'Government of Malaysia', 'https://github.com/MoH-Malaysia/covid19-public');
INSERT INTO covid.source (source_id, source_name, source_website) VALUES (72, 'COVID-19 Malta Public Health Response Team', 'https://github.com/COVID19-Malta/COVID19-Cases');
INSERT INTO covid.source (source_id, source_name, source_website) VALUES (73, 'Ministry of Health', 'https://vaccinare.gov.md');
INSERT INTO covid.source (source_id, source_name, source_website) VALUES (74, 'National Council', 'https://en.gouv.mc/Policy-Practice/Social-Affairs-and-Health/News/Minister-of-State-visits-those-working-to-combat-COVID');
INSERT INTO covid.source (source_id, source_name, source_website) VALUES (75, 'Ministry of Health via ikon.mn', 'https://ikon.mn/');
INSERT INTO covid.source (source_id, source_name, source_website) VALUES (76, 'Government of Montenegro', 'https://www.covidodgovor.me/');
INSERT INTO covid.source (source_id, source_name, source_website) VALUES (77, 'World Health Organization', 'https://stats.pacificdata.org/vis?tm=covid&pg=0&df[ds]=SPC2&df[id]=DF_COVID_VACCINATION&df[ag]=SPC&df[vs]=1.0');
INSERT INTO covid.source (source_id, source_name, source_website) VALUES (78, 'World Health Organization', 'https://covid19.mohp.gov.np/situation-report');
INSERT INTO covid.source (source_id, source_name, source_website) VALUES (79, 'European CDC, via Marino van Zelst', 'https://github.com/mzelst/covid-19');
INSERT INTO covid.source (source_id, source_name, source_website) VALUES (80, 'Ministry of Health', 'https://www.health.govt.nz/our-work/diseases-and-conditions/covid-19-novel-coronavirus/covid-19-data-and-statistics/covid-19-vaccine-data');
INSERT INTO covid.source (source_id, source_name, source_website) VALUES (81, 'SPC Public Health Division', 'https://covid19.who.int/');
INSERT INTO covid.source (source_id, source_name, source_website) VALUES (82, 'Ministry of Health', 'https://asi.saglik.gov.ct.tr/');
INSERT INTO covid.source (source_id, source_name, source_website) VALUES (83, 'Norwegian Institute of Public Health', 'https://github.com/folkehelseinstituttet/surveillance_data');
INSERT INTO covid.source (source_id, source_name, source_website) VALUES (84, 'National Command and Operation Centre', 'https://covid.gov.pk/vaccine-details');
INSERT INTO covid.source (source_id, source_name, source_website) VALUES (85, 'Ministerio de Salud via github.com/jmcastagnetto/covid-19-peru-vacunas', 'https://www.datosabiertos.gob.pe/dataset/vacunacion');
INSERT INTO covid.source (source_id, source_name, source_website) VALUES (86, 'Department of Health via ABS-CBN Investigative and Research Group', 'https://covid19.who.int/');
INSERT INTO covid.source (source_id, source_name, source_website) VALUES (87, 'Ministry of Health', 'https://www.gov.pl/web/szczepimysie/raport-szczepien-przeciwko-covid-19');
INSERT INTO covid.source (source_id, source_name, source_website) VALUES (88, 'World Health Organization', 'https://www.ecdc.europa.eu/en/publications-data/data-covid-19-vaccination-eu-eea');
INSERT INTO covid.source (source_id, source_name, source_website) VALUES (89, 'Ministry of Public Health', 'https://covid19.moph.gov.qa/EN/Pages/Vaccination-Program-Data.aspx');
INSERT INTO covid.source (source_id, source_name, source_website) VALUES (90, 'Government of Romania via datelazi.ro', 'https://datelazi.ro/');
INSERT INTO covid.source (source_id, source_name, source_website) VALUES (91, 'Official data from local governments via gogov.ru', 'https://gogov.ru/articles/covid-v-stats');
INSERT INTO covid.source (source_id, source_name, source_website) VALUES (92, 'Government of Saint Helena', 'https://www.sainthelena.gov.sh/2021/news/preliminary-data-from-the-covid-19-vaccination-programme/');
INSERT INTO covid.source (source_id, source_name, source_website) VALUES (93, 'Saudi Health Council', 'https://covid19.who.int/');
INSERT INTO covid.source (source_id, source_name, source_website) VALUES (94, 'Government of Serbia', 'https://vakcinacija.gov.rs/');
INSERT INTO covid.source (source_id, source_name, source_website) VALUES (95, 'Government of Singapore', 'https://data.gov.sg/dataset/covid-19-vaccination');
INSERT INTO covid.source (source_id, source_name, source_website) VALUES (96, 'Ministry of Health', 'https://github.com/Institut-Zdravotnych-Analyz/covid19-data/raw/main/Vaccination/OpenData_Slovakia_Vaccination_AgeGroup_District.csv');
INSERT INTO covid.source (source_id, source_name, source_website) VALUES (97, 'National Institute of Public Health via covid-19.sledilnik.org', 'https://covid-19.sledilnik.org/sl/stats');
INSERT INTO covid.source (source_id, source_name, source_website) VALUES (98, 'Ministry of Health', 'https://sacoronavirus.co.za/latest-vaccine-statistics/');
INSERT INTO covid.source (source_id, source_name, source_website) VALUES (99, 'Korea Centers for Disease Control and Prevention', 'https://ncv.kdca.go.kr/');
INSERT INTO covid.source (source_id, source_name, source_website) VALUES (100, 'Ministry of Health', 'https://www.mscbs.gob.es/profesionales/saludPublica/ccayes/alertasActual/nCov/documentos/Informe_Comunicacion_20220610.ods');
INSERT INTO covid.source (source_id, source_name, source_website) VALUES (101, 'Ministry of Health''s Epidemiology Unit', 'https://covid19.who.int/');
INSERT INTO covid.source (source_id, source_name, source_website) VALUES (102, 'Government of Suriname', 'https://laatjevaccineren.sr/');
INSERT INTO covid.source (source_id, source_name, source_website) VALUES (103, 'Public Health Agency of Sweden', 'https://fohm.se/smittskydd-beredskap/utbrott/aktuella-utbrott/covid-19/statistik-och-analyser/statistik-over-registrerade-vaccinationer-covid-19/');
INSERT INTO covid.source (source_id, source_name, source_website) VALUES (104, 'Federal Office of Public Health', 'https://opendata.swiss/en/dataset/covid-19-schweiz?detGeo=CH');
INSERT INTO covid.source (source_id, source_name, source_website) VALUES (105, 'Taiwan Centers for Disease Control', 'https://www.cdc.gov.tw/Category/Page/9jFXNbCe-sFK9EImRRi2Og');
INSERT INTO covid.source (source_id, source_name, source_website) VALUES (106, 'Government of Thailand', 'https://ddc.moph.go.th/covid19-dashboard/');
INSERT INTO covid.source (source_id, source_name, source_website) VALUES (107, 'Ministry of Health', 'https://services3.arcgis.com/x3I4DqUw3b3MfTwQ/arcgis/rest/services/service_7a519502598f492a9094fd0ad503cf80/FeatureServer/0/query');
INSERT INTO covid.source (source_id, source_name, source_website) VALUES (108, 'COVID-19 Vaccine Information Platform', 'https://covid19asi.saglik.gov.tr/');
INSERT INTO covid.source (source_id, source_name, source_website) VALUES (109, 'National Emergency Crisis and Disaster Management Authority', 'https://fcsc.gov.ae/en-us/Pages/Covid19/UAE-Covid-19-Updates.aspx');
INSERT INTO covid.source (source_id, source_name, source_website) VALUES (110, 'Centers for Disease Control and Prevention', 'https://data.cdc.gov/Vaccinations/COVID-19-Vaccination-Trends-in-the-United-States-N/rh2h-3yt2');
INSERT INTO covid.source (source_id, source_name, source_website) VALUES (111, 'Ministry of Health via vacuna.uy', 'https://monitor.uruguaysevacuna.gub.uy/');
INSERT INTO covid.source (source_id, source_name, source_website) VALUES (112, 'Pan American Health Organization', 'https://covid19.who.int/');
INSERT INTO covid.source (source_id, source_name, source_website) VALUES (113, 'World Health Organization', 'https://covid19.gov.vn/ngay-13-6-co-617-ca-covid-19-moi-f0-khoi-benh-gap-15-lan-171220613222405528.htm');
INSERT INTO covid.source (source_id, source_name, source_website) VALUES (114, 'Government of Zambia', 'https://rtc-planning.maps.arcgis.com/apps/dashboards/3b3a01c1d8444932ba075fb44b119b63');
INSERT INTO covid.source (source_id, source_name, source_website) VALUES (115, 'Ministry of Health', 'https://www.arcgis.com/home/webmap/viewer.html?url=https://services9.arcgis.com/DnERH4rcjw7NU6lv/ArcGIS/rest/services/Vaccine_Distribution_Program/FeatureServer&source=sd');


-- Table: Locations
INSERT INTO covid.locations (location_id, location_name, iso_code, last_observation_date, source_id) VALUES (1, 'Afghanistan', 'AFG', '01-06-2022', 1);
INSERT INTO covid.locations (location_id, location_name, iso_code, last_observation_date, source_id) VALUES (2, 'Albania', 'ALB', '29-05-2022', 1);
INSERT INTO covid.locations (location_id, location_name, iso_code, last_observation_date, source_id) VALUES (3, 'Algeria', 'DZA', '29-05-2022', 1);
INSERT INTO covid.locations (location_id, location_name, iso_code, last_observation_date, source_id) VALUES (4, 'Andorra', 'AND', '29-05-2022', 1);
INSERT INTO covid.locations (location_id, location_name, iso_code, last_observation_date, source_id) VALUES (5, 'Angola', 'AGO', '29-05-2022', 1);
INSERT INTO covid.locations (location_id, location_name, iso_code, last_observation_date, source_id) VALUES (6, 'Anguilla', 'AIA', '10-06-2022', 2);
INSERT INTO covid.locations (location_id, location_name, iso_code, last_observation_date, source_id) VALUES (7, 'Antigua and Barbuda', 'ATG', '30-05-2022', 3);
INSERT INTO covid.locations (location_id, location_name, iso_code, last_observation_date, source_id) VALUES (8, 'Argentina', 'ARG', '12-06-2022', 4);
INSERT INTO covid.locations (location_id, location_name, iso_code, last_observation_date, source_id) VALUES (9, 'Armenia', 'ARM', '22-05-2022', 1);
INSERT INTO covid.locations (location_id, location_name, iso_code, last_observation_date, source_id) VALUES (10, 'Aruba', 'ABW', '13-06-2022', 5);
INSERT INTO covid.locations (location_id, location_name, iso_code, last_observation_date, source_id) VALUES (11, 'Australia', 'AUS', '11-06-2022', 6);
INSERT INTO covid.locations (location_id, location_name, iso_code, last_observation_date, source_id) VALUES (12, 'Austria', 'AUT', '03-06-2022', 7);
INSERT INTO covid.locations (location_id, location_name, iso_code, last_observation_date, source_id) VALUES (13, 'Azerbaijan', 'AZE', '02-06-2022', 8);
INSERT INTO covid.locations (location_id, location_name, iso_code, last_observation_date, source_id) VALUES (14, 'Bahamas', 'BHS', '29-04-2022', 2);
INSERT INTO covid.locations (location_id, location_name, iso_code, last_observation_date, source_id) VALUES (15, 'Bahrain', 'BHR', '13-06-2022', 10);
INSERT INTO covid.locations (location_id, location_name, iso_code, last_observation_date, source_id) VALUES (16, 'Bangladesh', 'BGD', '13-06-2022', 11);
INSERT INTO covid.locations (location_id, location_name, iso_code, last_observation_date, source_id) VALUES (17, 'Barbados', 'BRB', '12-06-2022', 12);
INSERT INTO covid.locations (location_id, location_name, iso_code, last_observation_date, source_id) VALUES (18, 'Belarus', 'BLR', '29-05-2022', 1);
INSERT INTO covid.locations (location_id, location_name, iso_code, last_observation_date, source_id) VALUES (19, 'Belgium', 'BEL', '11-06-2022', 13);
INSERT INTO covid.locations (location_id, location_name, iso_code, last_observation_date, source_id) VALUES (20, 'Belize', 'BLZ', '10-06-2022', 2);
INSERT INTO covid.locations (location_id, location_name, iso_code, last_observation_date, source_id) VALUES (21, 'Benin', 'BEN', '22-05-2022', 1);
INSERT INTO covid.locations (location_id, location_name, iso_code, last_observation_date, source_id) VALUES (22, 'Bermuda', 'BMU', '20-05-2022', 2);
INSERT INTO covid.locations (location_id, location_name, iso_code, last_observation_date, source_id) VALUES (23, 'Bhutan', 'BTN', '05-06-2022', 1);
INSERT INTO covid.locations (location_id, location_name, iso_code, last_observation_date, source_id) VALUES (24, 'Bolivia', 'BOL', '08-06-2022', 15);
INSERT INTO covid.locations (location_id, location_name, iso_code, last_observation_date, source_id) VALUES (25, 'Bonaire Sint Eustatius and Saba', 'BES', '01-09-2021', 16);
INSERT INTO covid.locations (location_id, location_name, iso_code, last_observation_date, source_id) VALUES (26, 'Bosnia and Herzegovina', 'BIH', '29-01-2022', 1);
INSERT INTO covid.locations (location_id, location_name, iso_code, last_observation_date, source_id) VALUES (27, 'Botswana', 'BWA', '29-05-2022', 1);
INSERT INTO covid.locations (location_id, location_name, iso_code, last_observation_date, source_id) VALUES (28, 'Brazil', 'BRA', '13-06-2022', 18);
INSERT INTO covid.locations (location_id, location_name, iso_code, last_observation_date, source_id) VALUES (29, 'British Virgin Islands', 'VGB', '03-06-2022', 1);
INSERT INTO covid.locations (location_id, location_name, iso_code, last_observation_date, source_id) VALUES (30, 'Brunei', 'BRN', '05-06-2022', 1);
INSERT INTO covid.locations (location_id, location_name, iso_code, last_observation_date, source_id) VALUES (31, 'Bulgaria', 'BGR', '13-06-2022', 19);
INSERT INTO covid.locations (location_id, location_name, iso_code, last_observation_date, source_id) VALUES (32, 'Burkina Faso', 'BFA', '22-05-2022', 1);
INSERT INTO covid.locations (location_id, location_name, iso_code, last_observation_date, source_id) VALUES (33, 'Burundi', 'BDI', '22-05-2022', 1);
INSERT INTO covid.locations (location_id, location_name, iso_code, last_observation_date, source_id) VALUES (34, 'Cambodia', 'KHM', '05-06-2022', 1);
INSERT INTO covid.locations (location_id, location_name, iso_code, last_observation_date, source_id) VALUES (35, 'Cameroon', 'CMR', '22-05-2022', 1);
INSERT INTO covid.locations (location_id, location_name, iso_code, last_observation_date, source_id) VALUES (36, 'Canada', 'CAN', '13-06-2022', 20);
INSERT INTO covid.locations (location_id, location_name, iso_code, last_observation_date, source_id) VALUES (37, 'Cape Verde', 'CPV', '22-05-2022', 1);
INSERT INTO covid.locations (location_id, location_name, iso_code, last_observation_date, source_id) VALUES (38, 'Cayman Islands', 'CYM', '03-06-2022', 1);
INSERT INTO covid.locations (location_id, location_name, iso_code, last_observation_date, source_id) VALUES (39, 'Central African Republic', 'CAF', '22-05-2022', 1);
INSERT INTO covid.locations (location_id, location_name, iso_code, last_observation_date, source_id) VALUES (40, 'Chad', 'TCD', '22-05-2022', 1);
INSERT INTO covid.locations (location_id, location_name, iso_code, last_observation_date, source_id) VALUES (41, 'Chile', 'CHL', '09-06-2022', 21);
INSERT INTO covid.locations (location_id, location_name, iso_code, last_observation_date, source_id) VALUES (42, 'China', 'CHN', '13-06-2022', 22);
INSERT INTO covid.locations (location_id, location_name, iso_code, last_observation_date, source_id) VALUES (43, 'Colombia', 'COL', '03-06-2022', 1);
INSERT INTO covid.locations (location_id, location_name, iso_code, last_observation_date, source_id) VALUES (44, 'Comoros', 'COM', '22-05-2022', 1);
INSERT INTO covid.locations (location_id, location_name, iso_code, last_observation_date, source_id) VALUES (45, 'Congo', 'COG', '22-05-2022', 1);
INSERT INTO covid.locations (location_id, location_name, iso_code, last_observation_date, source_id) VALUES (46, 'Cook Islands', 'COK', '06-06-2022', 23);
INSERT INTO covid.locations (location_id, location_name, iso_code, last_observation_date, source_id) VALUES (47, 'Costa Rica', 'CRI', '23-05-2022', 24);
INSERT INTO covid.locations (location_id, location_name, iso_code, last_observation_date, source_id) VALUES (48, 'Cote d''Ivoire', 'CIV', '29-05-2022', 1);
INSERT INTO covid.locations (location_id, location_name, iso_code, last_observation_date, source_id) VALUES (49, 'Croatia', 'HRV', '12-06-2022', 25);
INSERT INTO covid.locations (location_id, location_name, iso_code, last_observation_date, source_id) VALUES (50, 'Cuba', 'CUB', '11-06-2022', 26);
INSERT INTO covid.locations (location_id, location_name, iso_code, last_observation_date, source_id) VALUES (51, 'Curacao', 'CUW', '13-06-2022', 27);
INSERT INTO covid.locations (location_id, location_name, iso_code, last_observation_date, source_id) VALUES (52, 'Cyprus', 'CYP', '14-05-2022', 28);
INSERT INTO covid.locations (location_id, location_name, iso_code, last_observation_date, source_id) VALUES (53, 'Czechia', 'CZE', '13-06-2022', 29);
INSERT INTO covid.locations (location_id, location_name, iso_code, last_observation_date, source_id) VALUES (54, 'Democratic Republic of Congo', 'COD', '22-05-2022', 1);
INSERT INTO covid.locations (location_id, location_name, iso_code, last_observation_date, source_id) VALUES (55, 'Denmark', 'DNK', '12-06-2022', 30);
INSERT INTO covid.locations (location_id, location_name, iso_code, last_observation_date, source_id) VALUES (56, 'Djibouti', 'DJI', '29-05-2022', 1);
INSERT INTO covid.locations (location_id, location_name, iso_code, last_observation_date, source_id) VALUES (57, 'Dominica', 'DMA', '10-06-2022', 2);
INSERT INTO covid.locations (location_id, location_name, iso_code, last_observation_date, source_id) VALUES (58, 'Dominican Republic', 'DOM', '12-06-2022', 31);
INSERT INTO covid.locations (location_id, location_name, iso_code, last_observation_date, source_id) VALUES (59, 'Ecuador', 'ECU', '09-06-2022', 32);
INSERT INTO covid.locations (location_id, location_name, iso_code, last_observation_date, source_id) VALUES (60, 'Egypt', 'EGY', '30-05-2022', 1);
INSERT INTO covid.locations (location_id, location_name, iso_code, last_observation_date, source_id) VALUES (61, 'El Salvador', 'SLV', '07-06-2022', 33);
INSERT INTO covid.locations (location_id, location_name, iso_code, last_observation_date, source_id) VALUES (62, 'England', 'OWID_ENG', '12-06-2022', 34);
INSERT INTO covid.locations (location_id, location_name, iso_code, last_observation_date, source_id) VALUES (63, 'Equatorial Guinea', 'GNQ', '09-06-2022', 35);
INSERT INTO covid.locations (location_id, location_name, iso_code, last_observation_date, source_id) VALUES (64, 'Estonia', 'EST', '07-06-2022', 36);
INSERT INTO covid.locations (location_id, location_name, iso_code, last_observation_date, source_id) VALUES (65, 'Eswatini', 'SWZ', '29-05-2022', 1);
INSERT INTO covid.locations (location_id, location_name, iso_code, last_observation_date, source_id) VALUES (66, 'Ethiopia', 'ETH', '01-05-2022', 1);
INSERT INTO covid.locations (location_id, location_name, iso_code, last_observation_date, source_id) VALUES (67, 'Faeroe Islands', 'FRO', '18-02-2022', 37);
INSERT INTO covid.locations (location_id, location_name, iso_code, last_observation_date, source_id) VALUES (68, 'Falkland Islands', 'FLK', '14-04-2021', 38);
INSERT INTO covid.locations (location_id, location_name, iso_code, last_observation_date, source_id) VALUES (69, 'Fiji', 'FJI', '13-06-2022', 23);
INSERT INTO covid.locations (location_id, location_name, iso_code, last_observation_date, source_id) VALUES (70, 'Finland', 'FIN', '09-06-2022', 39);
INSERT INTO covid.locations (location_id, location_name, iso_code, last_observation_date, source_id) VALUES (71, 'France', 'FRA', '09-06-2022', 40);
INSERT INTO covid.locations (location_id, location_name, iso_code, last_observation_date, source_id) VALUES (72, 'French Polynesia', 'PYF', '23-05-2022', 23);
INSERT INTO covid.locations (location_id, location_name, iso_code, last_observation_date, source_id) VALUES (73, 'Gabon', 'GAB', '29-05-2022', 1);
INSERT INTO covid.locations (location_id, location_name, iso_code, last_observation_date, source_id) VALUES (74, 'Gambia', 'GMB', '22-05-2022', 1);
INSERT INTO covid.locations (location_id, location_name, iso_code, last_observation_date, source_id) VALUES (75, 'Georgia', 'GEO', '07-06-2022', 41);
INSERT INTO covid.locations (location_id, location_name, iso_code, last_observation_date, source_id) VALUES (76, 'Germany', 'DEU', '12-06-2022', 42);
INSERT INTO covid.locations (location_id, location_name, iso_code, last_observation_date, source_id) VALUES (77, 'Ghana', 'GHA', '29-05-2022', 1);
INSERT INTO covid.locations (location_id, location_name, iso_code, last_observation_date, source_id) VALUES (78, 'Gibraltar', 'GIB', '21-04-2022', 43);
INSERT INTO covid.locations (location_id, location_name, iso_code, last_observation_date, source_id) VALUES (79, 'Greece', 'GRC', '13-06-2022', 44);
INSERT INTO covid.locations (location_id, location_name, iso_code, last_observation_date, source_id) VALUES (80, 'Greenland', 'GRL', '07-03-2022', 45);
INSERT INTO covid.locations (location_id, location_name, iso_code, last_observation_date, source_id) VALUES (81, 'Grenada', 'GRD', '10-06-2022', 2);
INSERT INTO covid.locations (location_id, location_name, iso_code, last_observation_date, source_id) VALUES (82, 'Guatemala', 'GTM', '10-06-2022', 2);
INSERT INTO covid.locations (location_id, location_name, iso_code, last_observation_date, source_id) VALUES (83, 'Guernsey', 'GGY', '01-06-2022', 47);
INSERT INTO covid.locations (location_id, location_name, iso_code, last_observation_date, source_id) VALUES (84, 'Guinea', 'GIN', '29-05-2022', 1);
INSERT INTO covid.locations (location_id, location_name, iso_code, last_observation_date, source_id) VALUES (85, 'Guinea-Bissau', 'GNB', '24-04-2022', 1);
INSERT INTO covid.locations (location_id, location_name, iso_code, last_observation_date, source_id) VALUES (86, 'Guyana', 'GUY', '08-06-2022', 2);
INSERT INTO covid.locations (location_id, location_name, iso_code, last_observation_date, source_id) VALUES (87, 'Haiti', 'HTI', '03-06-2022', 1);
INSERT INTO covid.locations (location_id, location_name, iso_code, last_observation_date, source_id) VALUES (88, 'Honduras', 'HND', '10-06-2022', 2);
INSERT INTO covid.locations (location_id, location_name, iso_code, last_observation_date, source_id) VALUES (89, 'Hong Kong', 'HKG', '05-06-2022', 49);
INSERT INTO covid.locations (location_id, location_name, iso_code, last_observation_date, source_id) VALUES (90, 'Hungary', 'HUN', '07-06-2022', 50);
INSERT INTO covid.locations (location_id, location_name, iso_code, last_observation_date, source_id) VALUES (91, 'Iceland', 'ISL', '29-03-2022', 51);
INSERT INTO covid.locations (location_id, location_name, iso_code, last_observation_date, source_id) VALUES (92, 'India', 'IND', '13-06-2022', 52);
INSERT INTO covid.locations (location_id, location_name, iso_code, last_observation_date, source_id) VALUES (93, 'Indonesia', 'IDN', '07-06-2022', 1);
INSERT INTO covid.locations (location_id, location_name, iso_code, last_observation_date, source_id) VALUES (94, 'Iran', 'IRN', '01-06-2022', 54);
INSERT INTO covid.locations (location_id, location_name, iso_code, last_observation_date, source_id) VALUES (95, 'Iraq', 'IRQ', '28-05-2022', 1);
INSERT INTO covid.locations (location_id, location_name, iso_code, last_observation_date, source_id) VALUES (96, 'Ireland', 'IRL', '11-06-2022', 55);
INSERT INTO covid.locations (location_id, location_name, iso_code, last_observation_date, source_id) VALUES (97, 'Isle of Man', 'IMN', '05-04-2022', 56);
INSERT INTO covid.locations (location_id, location_name, iso_code, last_observation_date, source_id) VALUES (98, 'Israel', 'ISR', '13-06-2022', 57);
INSERT INTO covid.locations (location_id, location_name, iso_code, last_observation_date, source_id) VALUES (99, 'Italy', 'ITA', '13-06-2022', 58);
INSERT INTO covid.locations (location_id, location_name, iso_code, last_observation_date, source_id) VALUES (100, 'Jamaica', 'JAM', '13-06-2022', 59);
INSERT INTO covid.locations (location_id, location_name, iso_code, last_observation_date, source_id) VALUES (101, 'Japan', 'JPN', '13-06-2022', 60);
INSERT INTO covid.locations (location_id, location_name, iso_code, last_observation_date, source_id) VALUES (102, 'Jersey', 'JEY', '05-06-2022', 61);
INSERT INTO covid.locations (location_id, location_name, iso_code, last_observation_date, source_id) VALUES (103, 'Jordan', 'JOR', '29-05-2022', 1);
INSERT INTO covid.locations (location_id, location_name, iso_code, last_observation_date, source_id) VALUES (104, 'Kazakhstan', 'KAZ', '10-06-2022', 62);
INSERT INTO covid.locations (location_id, location_name, iso_code, last_observation_date, source_id) VALUES (105, 'Kenya', 'KEN', '29-05-2022', 1);
INSERT INTO covid.locations (location_id, location_name, iso_code, last_observation_date, source_id) VALUES (106, 'Kiribati', 'KIR', '23-05-2022', 23);
INSERT INTO covid.locations (location_id, location_name, iso_code, last_observation_date, source_id) VALUES (107, 'Kosovo', 'OWID_KOS', '13-06-2022', 63);
INSERT INTO covid.locations (location_id, location_name, iso_code, last_observation_date, source_id) VALUES (108, 'Kuwait', 'KWT', '01-06-2022', 1);
INSERT INTO covid.locations (location_id, location_name, iso_code, last_observation_date, source_id) VALUES (109, 'Kyrgyzstan', 'KGZ', '13-06-2022', 64);
INSERT INTO covid.locations (location_id, location_name, iso_code, last_observation_date, source_id) VALUES (110, 'Laos', 'LAO', '09-06-2022', 65);
INSERT INTO covid.locations (location_id, location_name, iso_code, last_observation_date, source_id) VALUES (111, 'Latvia', 'LVA', '06-06-2022', 66);
INSERT INTO covid.locations (location_id, location_name, iso_code, last_observation_date, source_id) VALUES (112, 'Lebanon', 'LBN', '30-05-2022', 1);
INSERT INTO covid.locations (location_id, location_name, iso_code, last_observation_date, source_id) VALUES (113, 'Lesotho', 'LSO', '26-04-2022', 1);
INSERT INTO covid.locations (location_id, location_name, iso_code, last_observation_date, source_id) VALUES (114, 'Liberia', 'LBR', '22-05-2022', 1);
INSERT INTO covid.locations (location_id, location_name, iso_code, last_observation_date, source_id) VALUES (115, 'Libya', 'LBY', '26-05-2022', 1);
INSERT INTO covid.locations (location_id, location_name, iso_code, last_observation_date, source_id) VALUES (116, 'Liechtenstein', 'LIE', '02-06-2022', 67);
INSERT INTO covid.locations (location_id, location_name, iso_code, last_observation_date, source_id) VALUES (117, 'Lithuania', 'LTU', '13-06-2022', 68);
INSERT INTO covid.locations (location_id, location_name, iso_code, last_observation_date, source_id) VALUES (118, 'Luxembourg', 'LUX', '11-06-2022', 69);
INSERT INTO covid.locations (location_id, location_name, iso_code, last_observation_date, source_id) VALUES (119, 'Macao', 'MAC', '13-06-2022', 70);
INSERT INTO covid.locations (location_id, location_name, iso_code, last_observation_date, source_id) VALUES (120, 'Madagascar', 'MDG', '29-05-2022', 1);
INSERT INTO covid.locations (location_id, location_name, iso_code, last_observation_date, source_id) VALUES (121, 'Malawi', 'MWI', '29-05-2022', 1);
INSERT INTO covid.locations (location_id, location_name, iso_code, last_observation_date, source_id) VALUES (122, 'Malaysia', 'MYS', '13-06-2022', 71);
INSERT INTO covid.locations (location_id, location_name, iso_code, last_observation_date, source_id) VALUES (123, 'Maldives', 'MDV', '06-06-2022', 1);
INSERT INTO covid.locations (location_id, location_name, iso_code, last_observation_date, source_id) VALUES (124, 'Mali', 'MLI', '29-05-2022', 1);
INSERT INTO covid.locations (location_id, location_name, iso_code, last_observation_date, source_id) VALUES (125, 'Malta', 'MLT', '12-06-2022', 72);
INSERT INTO covid.locations (location_id, location_name, iso_code, last_observation_date, source_id) VALUES (126, 'Mauritania', 'MRT', '29-05-2022', 1);
INSERT INTO covid.locations (location_id, location_name, iso_code, last_observation_date, source_id) VALUES (127, 'Mauritius', 'MUS', '29-05-2022', 1);
INSERT INTO covid.locations (location_id, location_name, iso_code, last_observation_date, source_id) VALUES (128, 'Mexico', 'MEX', '03-06-2022', 1);
INSERT INTO covid.locations (location_id, location_name, iso_code, last_observation_date, source_id) VALUES (129, 'Moldova', 'MDA', '02-06-2022', 73);
INSERT INTO covid.locations (location_id, location_name, iso_code, last_observation_date, source_id) VALUES (130, 'Monaco', 'MCO', '21-12-2021', 74);
INSERT INTO covid.locations (location_id, location_name, iso_code, last_observation_date, source_id) VALUES (131, 'Mongolia', 'MNG', '18-05-2022', 75);
INSERT INTO covid.locations (location_id, location_name, iso_code, last_observation_date, source_id) VALUES (132, 'Montenegro', 'MNE', '13-06-2022', 76);
INSERT INTO covid.locations (location_id, location_name, iso_code, last_observation_date, source_id) VALUES (133, 'Montserrat', 'MSR', '06-05-2022', 1);
INSERT INTO covid.locations (location_id, location_name, iso_code, last_observation_date, source_id) VALUES (134, 'Morocco', 'MAR', '01-06-2022', 1);
INSERT INTO covid.locations (location_id, location_name, iso_code, last_observation_date, source_id) VALUES (135, 'Mozambique', 'MOZ', '29-05-2022', 1);
INSERT INTO covid.locations (location_id, location_name, iso_code, last_observation_date, source_id) VALUES (136, 'Myanmar', 'MMR', '24-05-2022', 1);
INSERT INTO covid.locations (location_id, location_name, iso_code, last_observation_date, source_id) VALUES (137, 'Namibia', 'NAM', '29-05-2022', 1);
INSERT INTO covid.locations (location_id, location_name, iso_code, last_observation_date, source_id) VALUES (138, 'Nauru', 'NRU', '11-04-2022', 23);
INSERT INTO covid.locations (location_id, location_name, iso_code, last_observation_date, source_id) VALUES (139, 'Nepal', 'NPL', '11-06-2022', 78);
INSERT INTO covid.locations (location_id, location_name, iso_code, last_observation_date, source_id) VALUES (140, 'Netherlands', 'NLD', '28-05-2022', 79);
INSERT INTO covid.locations (location_id, location_name, iso_code, last_observation_date, source_id) VALUES (141, 'New Caledonia', 'NCL', '13-06-2022', 23);
INSERT INTO covid.locations (location_id, location_name, iso_code, last_observation_date, source_id) VALUES (142, 'New Zealand', 'NZL', '13-06-2022', 80);
INSERT INTO covid.locations (location_id, location_name, iso_code, last_observation_date, source_id) VALUES (143, 'Nicaragua', 'NIC', '08-06-2022', 2);
INSERT INTO covid.locations (location_id, location_name, iso_code, last_observation_date, source_id) VALUES (144, 'Niger', 'NER', '22-05-2022', 1);
INSERT INTO covid.locations (location_id, location_name, iso_code, last_observation_date, source_id) VALUES (145, 'Nigeria', 'NGA', '29-05-2022', 1);
INSERT INTO covid.locations (location_id, location_name, iso_code, last_observation_date, source_id) VALUES (146, 'Niue', 'NIU', '13-03-2022', 1);
INSERT INTO covid.locations (location_id, location_name, iso_code, last_observation_date, source_id) VALUES (147, 'North Macedonia', 'MKD', '22-05-2022', 1);
INSERT INTO covid.locations (location_id, location_name, iso_code, last_observation_date, source_id) VALUES (148, 'Northern Cyprus', 'OWID_CYN', '26-11-2021', 82);
INSERT INTO covid.locations (location_id, location_name, iso_code, last_observation_date, source_id) VALUES (149, 'Northern Ireland', 'OWID_NIR', '12-06-2022', 34);
INSERT INTO covid.locations (location_id, location_name, iso_code, last_observation_date, source_id) VALUES (150, 'Norway', 'NOR', '12-06-2022', 83);
INSERT INTO covid.locations (location_id, location_name, iso_code, last_observation_date, source_id) VALUES (151, 'Oman', 'OMN', '23-05-2022', 1);
INSERT INTO covid.locations (location_id, location_name, iso_code, last_observation_date, source_id) VALUES (152, 'Pakistan', 'PAK', '13-06-2022', 84);
INSERT INTO covid.locations (location_id, location_name, iso_code, last_observation_date, source_id) VALUES (153, 'Palestine', 'PSE', '22-05-2022', 1);
INSERT INTO covid.locations (location_id, location_name, iso_code, last_observation_date, source_id) VALUES (154, 'Panama', 'PAN', '10-06-2022', 2);
INSERT INTO covid.locations (location_id, location_name, iso_code, last_observation_date, source_id) VALUES (155, 'Papua New Guinea', 'PNG', '06-06-2022', 23);
INSERT INTO covid.locations (location_id, location_name, iso_code, last_observation_date, source_id) VALUES (156, 'Paraguay', 'PRY', '10-06-2022', 2);
INSERT INTO covid.locations (location_id, location_name, iso_code, last_observation_date, source_id) VALUES (157, 'Peru', 'PER', '11-06-2022', 85);
INSERT INTO covid.locations (location_id, location_name, iso_code, last_observation_date, source_id) VALUES (158, 'Philippines', 'PHL', '05-06-2022', 1);
INSERT INTO covid.locations (location_id, location_name, iso_code, last_observation_date, source_id) VALUES (159, 'Pitcairn', 'PCN', '07-09-2021', 23);
INSERT INTO covid.locations (location_id, location_name, iso_code, last_observation_date, source_id) VALUES (160, 'Poland', 'POL', '12-06-2022', 87);
INSERT INTO covid.locations (location_id, location_name, iso_code, last_observation_date, source_id) VALUES (161, 'Portugal', 'PRT', '27-05-2022', 7);
INSERT INTO covid.locations (location_id, location_name, iso_code, last_observation_date, source_id) VALUES (162, 'Qatar', 'QAT', '08-06-2022', 89);
INSERT INTO covid.locations (location_id, location_name, iso_code, last_observation_date, source_id) VALUES (163, 'Romania', 'ROU', '11-06-2022', 90);
INSERT INTO covid.locations (location_id, location_name, iso_code, last_observation_date, source_id) VALUES (164, 'Russia', 'RUS', '12-06-2022', 91);
INSERT INTO covid.locations (location_id, location_name, iso_code, last_observation_date, source_id) VALUES (165, 'Rwanda', 'RWA', '29-05-2022', 1);
INSERT INTO covid.locations (location_id, location_name, iso_code, last_observation_date, source_id) VALUES (166, 'Saint Helena', 'SHN', '05-05-2021', 92);
INSERT INTO covid.locations (location_id, location_name, iso_code, last_observation_date, source_id) VALUES (167, 'Saint Kitts and Nevis', 'KNA', '25-02-2022', 2);
INSERT INTO covid.locations (location_id, location_name, iso_code, last_observation_date, source_id) VALUES (168, 'Saint Lucia', 'LCA', '10-06-2022', 2);
INSERT INTO covid.locations (location_id, location_name, iso_code, last_observation_date, source_id) VALUES (169, 'Saint Vincent and the Grenadines', 'VCT', '03-06-2022', 1);
INSERT INTO covid.locations (location_id, location_name, iso_code, last_observation_date, source_id) VALUES (170, 'Samoa', 'WSM', '06-06-2022', 23);
INSERT INTO covid.locations (location_id, location_name, iso_code, last_observation_date, source_id) VALUES (171, 'San Marino', 'SMR', '22-05-2022', 1);
INSERT INTO covid.locations (location_id, location_name, iso_code, last_observation_date, source_id) VALUES (172, 'Sao Tome and Principe', 'STP', '29-05-2022', 1);
INSERT INTO covid.locations (location_id, location_name, iso_code, last_observation_date, source_id) VALUES (173, 'Saudi Arabia', 'SAU', '01-06-2022', 1);
INSERT INTO covid.locations (location_id, location_name, iso_code, last_observation_date, source_id) VALUES (174, 'Scotland', 'OWID_SCT', '05-06-2022', 34);
INSERT INTO covid.locations (location_id, location_name, iso_code, last_observation_date, source_id) VALUES (175, 'Senegal', 'SEN', '29-05-2022', 1);
INSERT INTO covid.locations (location_id, location_name, iso_code, last_observation_date, source_id) VALUES (176, 'Serbia', 'SRB', '09-06-2022', 94);
INSERT INTO covid.locations (location_id, location_name, iso_code, last_observation_date, source_id) VALUES (177, 'Seychelles', 'SYC', '29-05-2022', 1);
INSERT INTO covid.locations (location_id, location_name, iso_code, last_observation_date, source_id) VALUES (178, 'Sierra Leone', 'SLE', '22-05-2022', 1);
INSERT INTO covid.locations (location_id, location_name, iso_code, last_observation_date, source_id) VALUES (179, 'Singapore', 'SGP', '06-06-2022', 95);
INSERT INTO covid.locations (location_id, location_name, iso_code, last_observation_date, source_id) VALUES (180, 'Sint Maarten (Dutch part)', 'SXM', '03-06-2022', 1);
INSERT INTO covid.locations (location_id, location_name, iso_code, last_observation_date, source_id) VALUES (181, 'Slovakia', 'SVK', '05-06-2022', 96);
INSERT INTO covid.locations (location_id, location_name, iso_code, last_observation_date, source_id) VALUES (182, 'Slovenia', 'SVN', '13-06-2022', 97);
INSERT INTO covid.locations (location_id, location_name, iso_code, last_observation_date, source_id) VALUES (183, 'Solomon Islands', 'SLB', '13-06-2022', 23);
INSERT INTO covid.locations (location_id, location_name, iso_code, last_observation_date, source_id) VALUES (184, 'Somalia', 'SOM', '01-06-2022', 1);
INSERT INTO covid.locations (location_id, location_name, iso_code, last_observation_date, source_id) VALUES (185, 'South Africa', 'ZAF', '13-06-2022', 98);
INSERT INTO covid.locations (location_id, location_name, iso_code, last_observation_date, source_id) VALUES (186, 'South Korea', 'KOR', '13-06-2022', 99);
INSERT INTO covid.locations (location_id, location_name, iso_code, last_observation_date, source_id) VALUES (187, 'South Sudan', 'SSD', '22-05-2022', 1);
INSERT INTO covid.locations (location_id, location_name, iso_code, last_observation_date, source_id) VALUES (188, 'Spain', 'ESP', '08-06-2022', 100);
INSERT INTO covid.locations (location_id, location_name, iso_code, last_observation_date, source_id) VALUES (189, 'Sri Lanka', 'LKA', '07-06-2022', 1);
INSERT INTO covid.locations (location_id, location_name, iso_code, last_observation_date, source_id) VALUES (190, 'Sudan', 'SDN', '29-05-2022', 1);
INSERT INTO covid.locations (location_id, location_name, iso_code, last_observation_date, source_id) VALUES (191, 'Suriname', 'SUR', '23-05-2022', 102);
INSERT INTO covid.locations (location_id, location_name, iso_code, last_observation_date, source_id) VALUES (192, 'Sweden', 'SWE', '09-06-2022', 103);
INSERT INTO covid.locations (location_id, location_name, iso_code, last_observation_date, source_id) VALUES (193, 'Switzerland', 'CHE', '06-06-2022', 104);
INSERT INTO covid.locations (location_id, location_name, iso_code, last_observation_date, source_id) VALUES (194, 'Syria', 'SYR', '29-05-2022', 1);
INSERT INTO covid.locations (location_id, location_name, iso_code, last_observation_date, source_id) VALUES (195, 'Taiwan', 'TWN', '13-06-2022', 105);
INSERT INTO covid.locations (location_id, location_name, iso_code, last_observation_date, source_id) VALUES (196, 'Tajikistan', 'TJK', '08-05-2022', 1);
INSERT INTO covid.locations (location_id, location_name, iso_code, last_observation_date, source_id) VALUES (197, 'Tanzania', 'TZA', '22-05-2022', 1);
INSERT INTO covid.locations (location_id, location_name, iso_code, last_observation_date, source_id) VALUES (198, 'Thailand', 'THA', '13-06-2022', 106);
INSERT INTO covid.locations (location_id, location_name, iso_code, last_observation_date, source_id) VALUES (199, 'Timor', 'TLS', '07-06-2022', 1);
INSERT INTO covid.locations (location_id, location_name, iso_code, last_observation_date, source_id) VALUES (200, 'Togo', 'TGO', '29-05-2022', 1);
INSERT INTO covid.locations (location_id, location_name, iso_code, last_observation_date, source_id) VALUES (201, 'Tokelau', 'TKL', '12-10-2021', 23);
INSERT INTO covid.locations (location_id, location_name, iso_code, last_observation_date, source_id) VALUES (202, 'Tonga', 'TON', '13-06-2022', 23);
INSERT INTO covid.locations (location_id, location_name, iso_code, last_observation_date, source_id) VALUES (203, 'Trinidad and Tobago', 'TTO', '12-06-2022', 107);
INSERT INTO covid.locations (location_id, location_name, iso_code, last_observation_date, source_id) VALUES (204, 'Tunisia', 'TUN', '30-05-2022', 1);
INSERT INTO covid.locations (location_id, location_name, iso_code, last_observation_date, source_id) VALUES (205, 'Turkey', 'TUR', '13-06-2022', 108);
INSERT INTO covid.locations (location_id, location_name, iso_code, last_observation_date, source_id) VALUES (206, 'Turkmenistan', 'TKM', '06-03-2022', 1);
INSERT INTO covid.locations (location_id, location_name, iso_code, last_observation_date, source_id) VALUES (207, 'Turks and Caicos Islands', 'TCA', '20-05-2022', 1);
INSERT INTO covid.locations (location_id, location_name, iso_code, last_observation_date, source_id) VALUES (208, 'Tuvalu', 'TUV', '05-04-2022', 1);
INSERT INTO covid.locations (location_id, location_name, iso_code, last_observation_date, source_id) VALUES (209, 'Uganda', 'UGA', '22-05-2022', 1);
INSERT INTO covid.locations (location_id, location_name, iso_code, last_observation_date, source_id) VALUES (210, 'Ukraine', 'UKR', '27-02-2022', 1);
INSERT INTO covid.locations (location_id, location_name, iso_code, last_observation_date, source_id) VALUES (211, 'United Arab Emirates', 'ARE', '01-06-2022', 109);
INSERT INTO covid.locations (location_id, location_name, iso_code, last_observation_date, source_id) VALUES (212, 'United Kingdom', 'GBR', '05-06-2022', 34);
INSERT INTO covid.locations (location_id, location_name, iso_code, last_observation_date, source_id) VALUES (213, 'United States', 'USA', '12-06-2022', 110);
INSERT INTO covid.locations (location_id, location_name, iso_code, last_observation_date, source_id) VALUES (214, 'Uruguay', 'URY', '13-06-2022', 111);
INSERT INTO covid.locations (location_id, location_name, iso_code, last_observation_date, source_id) VALUES (215, 'Uzbekistan', 'UZB', '29-05-2022', 1);
INSERT INTO covid.locations (location_id, location_name, iso_code, last_observation_date, source_id) VALUES (216, 'Vanuatu', 'VUT', '25-04-2022', 23);
INSERT INTO covid.locations (location_id, location_name, iso_code, last_observation_date, source_id) VALUES (217, 'Venezuela', 'VEN', '25-03-2022', 1);
INSERT INTO covid.locations (location_id, location_name, iso_code, last_observation_date, source_id) VALUES (218, 'Vietnam', 'VNM', '12-06-2022', 113);
INSERT INTO covid.locations (location_id, location_name, iso_code, last_observation_date, source_id) VALUES (219, 'Wales', 'OWID_WLS', '08-06-2022', 34);
INSERT INTO covid.locations (location_id, location_name, iso_code, last_observation_date, source_id) VALUES (220, 'Wallis and Futuna', 'WLF', '02-05-2022', 23);
INSERT INTO covid.locations (location_id, location_name, iso_code, last_observation_date, source_id) VALUES (221, 'Yemen', 'YEM', '25-05-2022', 1);
INSERT INTO covid.locations (location_id, location_name, iso_code, last_observation_date, source_id) VALUES (222, 'Zambia', 'ZMB', '08-06-2022', 114);
INSERT INTO covid.locations (location_id, location_name, iso_code, last_observation_date, source_id) VALUES (223, 'Zimbabwe', 'ZWE', '11-06-2022', 115);
INSERT INTO covid.locations (location_id, location_name, iso_code, last_observation_date, source_id) VALUES (224, 'European Union', 'EURO', NULL, NULL);


-- Table: Vaccines
INSERT INTO covid.vaccines (vaccine_id, vaccine_name) VALUES (1, 'Moderna');
INSERT INTO covid.vaccines (vaccine_id, vaccine_name) VALUES (2, 'Oxford/AstraZeneca');
INSERT INTO covid.vaccines (vaccine_id, vaccine_name) VALUES (3, 'Pfizer/BioNTech');
INSERT INTO covid.vaccines (vaccine_id, vaccine_name) VALUES (4, 'Sinopharm/Beijing');
INSERT INTO covid.vaccines (vaccine_id, vaccine_name) VALUES (5, 'Sputnik V');
INSERT INTO covid.vaccines (vaccine_id, vaccine_name) VALUES (6, 'CanSino');
INSERT INTO covid.vaccines (vaccine_id, vaccine_name) VALUES (7, 'Johnson&Johnson');
INSERT INTO covid.vaccines (vaccine_id, vaccine_name) VALUES (8, 'Novavax');
INSERT INTO covid.vaccines (vaccine_id, vaccine_name) VALUES (9, 'Sinovac');
INSERT INTO covid.vaccines (vaccine_id, vaccine_name) VALUES (10, 'Covaxin');
INSERT INTO covid.vaccines (vaccine_id, vaccine_name) VALUES (11, 'Sputnik Light');
INSERT INTO covid.vaccines (vaccine_id, vaccine_name) VALUES (12, 'SpikoGen');
INSERT INTO covid.vaccines (vaccine_id, vaccine_name) VALUES (13, 'ZF2001');
INSERT INTO covid.vaccines (vaccine_id, vaccine_name) VALUES (14, 'Soberana02');
INSERT INTO covid.vaccines (vaccine_id, vaccine_name) VALUES (15, 'Razi Cov Pars');
INSERT INTO covid.vaccines (vaccine_id, vaccine_name) VALUES (16, 'Sinopharm/Wuhan');
INSERT INTO covid.vaccines (vaccine_id, vaccine_name) VALUES (17, 'Turkovac');
INSERT INTO covid.vaccines (vaccine_id, vaccine_name) VALUES (18, 'QazVac');
INSERT INTO covid.vaccines (vaccine_id, vaccine_name) VALUES (19, 'FAKHRAVAC');
INSERT INTO covid.vaccines (vaccine_id, vaccine_name) VALUES (20, 'KCONVAC');
INSERT INTO covid.vaccines (vaccine_id, vaccine_name) VALUES (21, 'Soberana Plus');
INSERT INTO covid.vaccines (vaccine_id, vaccine_name) VALUES (22, 'IMBCAMS');
INSERT INTO covid.vaccines (vaccine_id, vaccine_name) VALUES (23, 'Abdala');
INSERT INTO covid.vaccines (vaccine_id, vaccine_name) VALUES (24, 'EpiVacCorona');
INSERT INTO covid.vaccines (vaccine_id, vaccine_name) VALUES (25, 'Medigen');
INSERT INTO covid.vaccines (vaccine_id, vaccine_name) VALUES (26, 'Corbevax');
INSERT INTO covid.vaccines (vaccine_id, vaccine_name) VALUES (27, 'COVIran Barekat');
INSERT INTO covid.vaccines (vaccine_id, vaccine_name) VALUES (28, 'KoviVac/Chumakov');
INSERT INTO covid.vaccines (vaccine_id, vaccine_name) VALUES (29, 'Moderna, Novavax, Oxford/AstraZeneca, Pfizer/BioNTech
');
INSERT INTO covid.vaccines (vaccine_id, vaccine_name) VALUES (30, 'Moderna, Oxford/AstraZeneca, Pfizer/BioNTech');
INSERT INTO covid.vaccines (vaccine_id, vaccine_name) VALUES (31, 'Moderna, Pfizer/BioNTech');
INSERT INTO covid.vaccines (vaccine_id, vaccine_name) VALUES (32, 'Johnson&Johnson, Moderna, Pfizer/BioNTech');
INSERT INTO covid.vaccines (vaccine_id, vaccine_name) VALUES (33, 'Oxford/AstraZeneca, Pfizer/BioNTech');
INSERT INTO covid.vaccines (vaccine_id, vaccine_name) VALUES (34, 'Moderna, Oxford/AstraZeneca, Pfizer/BioNTech');
INSERT INTO covid.vaccines (vaccine_id, vaccine_name) VALUES (35, 'Sinopharm/Beijing, Sinopharm/Wuhan, Sinovac
');
INSERT INTO covid.vaccines (vaccine_id, vaccine_name) VALUES (36, 'CanSino, Sinopharm/Beijing, Sinopharm/Wuhan, Sinovac
');
INSERT INTO covid.vaccines (vaccine_id, vaccine_name) VALUES (37, 'CanSino, Sinopharm/Beijing, Sinopharm/Wuhan, Sinovac, ZF2001');
INSERT INTO covid.vaccines (vaccine_id, vaccine_name) VALUES (38, 'CanSino, IMBCAMS, Sinopharm/Beijing, Sinopharm/Wuhan, Sinovac, ZF2001
');
INSERT INTO covid.vaccines (vaccine_id, vaccine_name) VALUES (39, 'CanSino, IMBCAMS, KCONVAC, Sinopharm/Beijing, Sinopharm/Wuhan, Sinovac, ZF2001
');



-- vaccination_location


INSERT INTO covid.vaccination_location (location_id, vaccine_id, total_supplied) VALUES (8, 1, 2);
INSERT INTO covid.vaccination_location (location_id, vaccine_id, total_supplied) VALUES (8, 2, 7);
INSERT INTO covid.vaccination_location (location_id, vaccine_id, total_supplied) VALUES (8, 3, 1);
INSERT INTO covid.vaccination_location (location_id, vaccine_id, total_supplied) VALUES (8, 4, 3);
INSERT INTO covid.vaccination_location (location_id, vaccine_id, total_supplied) VALUES (8, 5, 20484);
INSERT INTO covid.vaccination_location (location_id, vaccine_id, total_supplied) VALUES (8, 1, 2);
INSERT INTO covid.vaccination_location (location_id, vaccine_id, total_supplied) VALUES (8, 2, 7);
INSERT INTO covid.vaccination_location (location_id, vaccine_id, total_supplied) VALUES (8, 3, 1);
INSERT INTO covid.vaccination_location (location_id, vaccine_id, total_supplied) VALUES (8, 4, 3);
INSERT INTO covid.vaccination_location (location_id, vaccine_id, total_supplied) VALUES (8, 5, 40588);
INSERT INTO covid.vaccination_location (location_id, vaccine_id, total_supplied) VALUES (8, 1, 2);
INSERT INTO covid.vaccination_location (location_id, vaccine_id, total_supplied) VALUES (8, 2, 7);
INSERT INTO covid.vaccination_location (location_id, vaccine_id, total_supplied) VALUES (8, 3, 1);
INSERT INTO covid.vaccination_location (location_id, vaccine_id, total_supplied) VALUES (8, 4, 3);
INSERT INTO covid.vaccination_location (location_id, vaccine_id, total_supplied) VALUES (8, 5, 43394);
INSERT INTO covid.vaccination_location (location_id, vaccine_id, total_supplied) VALUES (8, 1, 2);
INSERT INTO covid.vaccination_location (location_id, vaccine_id, total_supplied) VALUES (8, 2, 9);
INSERT INTO covid.vaccination_location (location_id, vaccine_id, total_supplied) VALUES (8, 3, 1);
INSERT INTO covid.vaccination_location (location_id, vaccine_id, total_supplied) VALUES (8, 4, 3);
INSERT INTO covid.vaccination_location (location_id, vaccine_id, total_supplied) VALUES (8, 5, 43519);
INSERT INTO covid.vaccination_location (location_id, vaccine_id, total_supplied) VALUES (8, 1, 2);
INSERT INTO covid.vaccination_location (location_id, vaccine_id, total_supplied) VALUES (8, 2, 10);
INSERT INTO covid.vaccination_location (location_id, vaccine_id, total_supplied) VALUES (8, 3, 1);
INSERT INTO covid.vaccination_location (location_id, vaccine_id, total_supplied) VALUES (8, 4, 3);
INSERT INTO covid.vaccination_location (location_id, vaccine_id, total_supplied) VALUES (8, 5, 46830);
INSERT INTO covid.vaccination_location (location_id, vaccine_id, total_supplied) VALUES (8, 1, 2);
INSERT INTO covid.vaccination_location (location_id, vaccine_id, total_supplied) VALUES (8, 2, 10);
INSERT INTO covid.vaccination_location (location_id, vaccine_id, total_supplied) VALUES (8, 3, 2);
INSERT INTO covid.vaccination_location (location_id, vaccine_id, total_supplied) VALUES (8, 4, 3);
INSERT INTO covid.vaccination_location (location_id, vaccine_id, total_supplied) VALUES (8, 5, 47272);
INSERT INTO covid.vaccination_location (location_id, vaccine_id, total_supplied) VALUES (8, 1, 2);
INSERT INTO covid.vaccination_location (location_id, vaccine_id, total_supplied) VALUES (8, 2, 10);
INSERT INTO covid.vaccination_location (location_id, vaccine_id, total_supplied) VALUES (8, 3, 2);
INSERT INTO covid.vaccination_location (location_id, vaccine_id, total_supplied) VALUES (8, 4, 3);
INSERT INTO covid.vaccination_location (location_id, vaccine_id, total_supplied) VALUES (8, 5, 57733);
INSERT INTO covid.vaccination_location (location_id, vaccine_id, total_supplied) VALUES (8, 1, 2);
INSERT INTO covid.vaccination_location (location_id, vaccine_id, total_supplied) VALUES (8, 2, 10);
INSERT INTO covid.vaccination_location (location_id, vaccine_id, total_supplied) VALUES (8, 3, 2);
INSERT INTO covid.vaccination_location (location_id, vaccine_id, total_supplied) VALUES (8, 4, 7);
INSERT INTO covid.vaccination_location (location_id, vaccine_id, total_supplied) VALUES (8, 5, 68457);
INSERT INTO covid.vaccination_location (location_id, vaccine_id, total_supplied) VALUES (8, 1, 2);
INSERT INTO covid.vaccination_location (location_id, vaccine_id, total_supplied) VALUES (8, 2, 11);
INSERT INTO covid.vaccination_location (location_id, vaccine_id, total_supplied) VALUES (8, 3, 3);
INSERT INTO covid.vaccination_location (location_id, vaccine_id, total_supplied) VALUES (8, 4, 10);
INSERT INTO covid.vaccination_location (location_id, vaccine_id, total_supplied) VALUES (8, 5, 78564);
INSERT INTO covid.vaccination_location (location_id, vaccine_id, total_supplied) VALUES (8, 1, 2);
INSERT INTO covid.vaccination_location (location_id, vaccine_id, total_supplied) VALUES (8, 2, 12);
INSERT INTO covid.vaccination_location (location_id, vaccine_id, total_supplied) VALUES (8, 3, 4);
INSERT INTO covid.vaccination_location (location_id, vaccine_id, total_supplied) VALUES (8, 4, 11);
INSERT INTO covid.vaccination_location (location_id, vaccine_id, total_supplied) VALUES (8, 5, 96785);
INSERT INTO covid.vaccination_location (location_id, vaccine_id, total_supplied) VALUES (8, 1, 2);
INSERT INTO covid.vaccination_location (location_id, vaccine_id, total_supplied) VALUES (8, 2, 12);
INSERT INTO covid.vaccination_location (location_id, vaccine_id, total_supplied) VALUES (8, 3, 4);
INSERT INTO covid.vaccination_location (location_id, vaccine_id, total_supplied) VALUES (8, 4, 11);
INSERT INTO covid.vaccination_location (location_id, vaccine_id, total_supplied) VALUES (8, 5, 124669);
INSERT INTO covid.vaccination_location (location_id, vaccine_id, total_supplied) VALUES (8, 1, 2);
INSERT INTO covid.vaccination_location (location_id, vaccine_id, total_supplied) VALUES (8, 2, 12);
INSERT INTO covid.vaccination_location (location_id, vaccine_id, total_supplied) VALUES (8, 3, 4);
INSERT INTO covid.vaccination_location (location_id, vaccine_id, total_supplied) VALUES (8, 4, 12);
INSERT INTO covid.vaccination_location (location_id, vaccine_id, total_supplied) VALUES (8, 5, 134876);
INSERT INTO covid.vaccination_location (location_id, vaccine_id, total_supplied) VALUES (8, 1, 2);
INSERT INTO covid.vaccination_location (location_id, vaccine_id, total_supplied) VALUES (8, 2, 12);
INSERT INTO covid.vaccination_location (location_id, vaccine_id, total_supplied) VALUES (8, 3, 6);
INSERT INTO covid.vaccination_location (location_id, vaccine_id, total_supplied) VALUES (8, 4, 13);
INSERT INTO covid.vaccination_location (location_id, vaccine_id, total_supplied) VALUES (8, 5, 136050);
INSERT INTO covid.vaccination_location (location_id, vaccine_id, total_supplied) VALUES (8, 1, 2);
INSERT INTO covid.vaccination_location (location_id, vaccine_id, total_supplied) VALUES (8, 2, 13);
INSERT INTO covid.vaccination_location (location_id, vaccine_id, total_supplied) VALUES (8, 3, 6);
INSERT INTO covid.vaccination_location (location_id, vaccine_id, total_supplied) VALUES (8, 4, 14);
INSERT INTO covid.vaccination_location (location_id, vaccine_id, total_supplied) VALUES (8, 5, 155872);
INSERT INTO covid.vaccination_location (location_id, vaccine_id, total_supplied) VALUES (8, 1, 2);
INSERT INTO covid.vaccination_location (location_id, vaccine_id, total_supplied) VALUES (8, 2, 14);
INSERT INTO covid.vaccination_location (location_id, vaccine_id, total_supplied) VALUES (8, 3, 7);
INSERT INTO covid.vaccination_location (location_id, vaccine_id, total_supplied) VALUES (8, 4, 17);
INSERT INTO covid.vaccination_location (location_id, vaccine_id, total_supplied) VALUES (8, 5, 175256);
INSERT INTO covid.vaccination_location (location_id, vaccine_id, total_supplied) VALUES (8, 1, 2);
INSERT INTO covid.vaccination_location (location_id, vaccine_id, total_supplied) VALUES (8, 2, 14);
INSERT INTO covid.vaccination_location (location_id, vaccine_id, total_supplied) VALUES (8, 3, 7);
INSERT INTO covid.vaccination_location (location_id, vaccine_id, total_supplied) VALUES (8, 4, 21);
INSERT INTO covid.vaccination_location (location_id, vaccine_id, total_supplied) VALUES (8, 5, 192019);
INSERT INTO covid.vaccination_location (location_id, vaccine_id, total_supplied) VALUES (8, 1, 2);
INSERT INTO covid.vaccination_location (location_id, vaccine_id, total_supplied) VALUES (8, 2, 14);
INSERT INTO covid.vaccination_location (location_id, vaccine_id, total_supplied) VALUES (8, 3, 8);
INSERT INTO covid.vaccination_location (location_id, vaccine_id, total_supplied) VALUES (8, 4, 22);
INSERT INTO covid.vaccination_location (location_id, vaccine_id, total_supplied) VALUES (8, 5, 208666);
INSERT INTO covid.vaccination_location (location_id, vaccine_id, total_supplied) VALUES (8, 1, 2);
INSERT INTO covid.vaccination_location (location_id, vaccine_id, total_supplied) VALUES (8, 2, 14);
INSERT INTO covid.vaccination_location (location_id, vaccine_id, total_supplied) VALUES (8, 3, 8);
INSERT INTO covid.vaccination_location (location_id, vaccine_id, total_supplied) VALUES (8, 4, 22);
INSERT INTO covid.vaccination_location (location_id, vaccine_id, total_supplied) VALUES (8, 5, 226108);
INSERT INTO covid.vaccination_location (location_id, vaccine_id, total_supplied) VALUES (8, 1, 2);
INSERT INTO covid.vaccination_location (location_id, vaccine_id, total_supplied) VALUES (8, 2, 14);
INSERT INTO covid.vaccination_location (location_id, vaccine_id, total_supplied) VALUES (8, 3, 8);
INSERT INTO covid.vaccination_location (location_id, vaccine_id, total_supplied) VALUES (8, 4, 22);
INSERT INTO covid.vaccination_location (location_id, vaccine_id, total_supplied) VALUES (8, 5, 231992);
INSERT INTO covid.vaccination_location (location_id, vaccine_id, total_supplied) VALUES (8, 1, 2);
INSERT INTO covid.vaccination_location (location_id, vaccine_id, total_supplied) VALUES (8, 2, 14);
INSERT INTO covid.vaccination_location (location_id, vaccine_id, total_supplied) VALUES (8, 3, 8);
INSERT INTO covid.vaccination_location (location_id, vaccine_id, total_supplied) VALUES (8, 4, 22);


--Vaccinations

INSERT INTO covid.vaccination (location_id, date_vaccine, vaccine_id, total_vaccinations, people_fully_vaccinated, people_partially_vaccinated) VALUES (1, '22-02-2021',1, 3, 0, 0);
INSERT INTO covid.vaccination (location_id, date_vaccine, vaccine_id, total_vaccinations, people_fully_vaccinated, people_partially_vaccinated) VALUES (1, '23-02-2021',2, 40, 0, 0);
INSERT INTO covid.vaccination (location_id, date_vaccine, vaccine_id, total_vaccinations, people_fully_vaccinated, people_partially_vaccinated) VALUES (1, '24-02-2021',3, 3, 0, 0);
INSERT INTO covid.vaccination (location_id, date_vaccine, vaccine_id, total_vaccinations, people_fully_vaccinated, people_partially_vaccinated) VALUES (1, '25-02-2021',4, 9, 0, 0);
INSERT INTO covid.vaccination (location_id, date_vaccine, vaccine_id, total_vaccinations, people_fully_vaccinated, people_partially_vaccinated) VALUES (1, '26-02-2021',5, 11, 0, 0);
INSERT INTO covid.vaccination (location_id, date_vaccine, vaccine_id, total_vaccinations, people_fully_vaccinated, people_partially_vaccinated) VALUES (1, '27-02-2021',6, 8, 0, 0);
INSERT INTO covid.vaccination (location_id, date_vaccine, vaccine_id, total_vaccinations, people_fully_vaccinated, people_partially_vaccinated) VALUES (1, '28-02-2021',7, 82, 30 , 11);
INSERT INTO covid.vaccination (location_id, date_vaccine, vaccine_id, total_vaccinations, people_fully_vaccinated, people_partially_vaccinated) VALUES (1, '01-03-2021',8, 19, 0, 0);
INSERT INTO covid.vaccination (location_id, date_vaccine, vaccine_id, total_vaccinations, people_fully_vaccinated, people_partially_vaccinated) VALUES (1, '02-03-2021',9, 20, 0, 0);
INSERT INTO covid.vaccination (location_id, date_vaccine, vaccine_id, total_vaccinations, people_fully_vaccinated, people_partially_vaccinated) VALUES (1, '03-03-2021',10, 30, 0, 0);
INSERT INTO covid.vaccination (location_id, date_vaccine, vaccine_id, total_vaccinations, people_fully_vaccinated, people_partially_vaccinated) VALUES (1, '04-03-2021',11, 40, 0, 0);
INSERT INTO covid.vaccination (location_id, date_vaccine, vaccine_id, total_vaccinations, people_fully_vaccinated, people_partially_vaccinated) VALUES (1, '05-03-2021',12, 50, 0, 0);
INSERT INTO covid.vaccination (location_id, date_vaccine, vaccine_id, total_vaccinations, people_fully_vaccinated, people_partially_vaccinated) VALUES (1, '06-03-2021',13, 30, 0, 0);
INSERT INTO covid.vaccination (location_id, date_vaccine, vaccine_id, total_vaccinations, people_fully_vaccinated, people_partially_vaccinated) VALUES (1, '07-03-2021',14, 40, 0, 0);
INSERT INTO covid.vaccination (location_id, date_vaccine, vaccine_id, total_vaccinations, people_fully_vaccinated, people_partially_vaccinated) VALUES (1, '08-03-2021',15, 20, 0, 0);
INSERT INTO covid.vaccination (location_id, date_vaccine, vaccine_id, total_vaccinations, people_fully_vaccinated, people_partially_vaccinated) VALUES (1, '09-03-2021',16, 10, 0, 0);
INSERT INTO covid.vaccination (location_id, date_vaccine, vaccine_id, total_vaccinations, people_fully_vaccinated, people_partially_vaccinated) VALUES (1, '10-03-2021',17, 40, 0, 0);
INSERT INTO covid.vaccination (location_id, date_vaccine, vaccine_id, total_vaccinations, people_fully_vaccinated, people_partially_vaccinated) VALUES (1, '11-03-2021',19, 50, 0, 0);
INSERT INTO covid.vaccination (location_id, date_vaccine, vaccine_id, total_vaccinations, people_fully_vaccinated, people_partially_vaccinated) VALUES (1, '12-03-2021',18, 110, 0, 0);
INSERT INTO covid.vaccination (location_id, date_vaccine, vaccine_id, total_vaccinations, people_fully_vaccinated, people_partially_vaccinated) VALUES (1, '13-03-2021',19, 30, 0, 0);
INSERT INTO covid.vaccination (location_id, date_vaccine, vaccine_id, total_vaccinations, people_fully_vaccinated, people_partially_vaccinated) VALUES (1, '14-03-2021',20, 20, 0, 0);
INSERT INTO covid.vaccination (location_id, date_vaccine, vaccine_id, total_vaccinations, people_fully_vaccinated, people_partially_vaccinated) VALUES (1, '15-03-2021',21, 30, 0, 0);
INSERT INTO covid.vaccination (location_id, date_vaccine, vaccine_id, total_vaccinations, people_fully_vaccinated, people_partially_vaccinated) VALUES (1, '16-03-2021',13, 54,23,3);
INSERT INTO covid.vaccination (location_id, date_vaccine, vaccine_id, total_vaccinations, people_fully_vaccinated, people_partially_vaccinated) VALUES (1, '17-03-2021',21, 20, 0, 0);
INSERT INTO covid.vaccination (location_id, date_vaccine, vaccine_id, total_vaccinations, people_fully_vaccinated, people_partially_vaccinated) VALUES (1, '18-03-2021',23, 30, 0, 0);
INSERT INTO covid.vaccination (location_id, date_vaccine, vaccine_id, total_vaccinations, people_fully_vaccinated, people_partially_vaccinated) VALUES (1, '19-03-2021',22, 20, 0, 0);
INSERT INTO covid.vaccination (location_id, date_vaccine, vaccine_id, total_vaccinations, people_fully_vaccinated, people_partially_vaccinated) VALUES (1, '20-03-2021',24, 20, 0, 0);
INSERT INTO covid.vaccination (location_id, date_vaccine, vaccine_id, total_vaccinations, people_fully_vaccinated, people_partially_vaccinated) VALUES (1, '21-03-2021',25, 20, 0, 0);
INSERT INTO covid.vaccination (location_id, date_vaccine, vaccine_id, total_vaccinations, people_fully_vaccinated, people_partially_vaccinated) VALUES (1, '22-03-2021',26, 20, 0, 0);